id,name,state,forest
61,DREW CANYON,Arizona,Tonto National Forest
62,OSPREY,Washington,Olympic National Forest
63,MEADOWVIEW,California,Lake Tahoe Basin Management Unit
64,PINEVIEW CONNECTOR,Utah,Caribou-Targhee National Forest
65,GROUSE,Colorado,Pike and San Isabel National Forests
66,LOS BURROS SHORTCUT,Arizona,Apache-Sitgreaves National Forests
67,RIM LAKES VISTA,Arizona,Apache-Sitgreaves National Forests
68,CHEVELON CROSSING,Arizona,Apache-Sitgreaves National Forests
69,BOULDER HOP,California,Lake Tahoe Basin Management Unit
70,235 ROAD,California,Lake Tahoe Basin Management Unit
71,DARE ME,California,Lake Tahoe Basin Management Unit
72,WEDDING DAY,California,Lake Tahoe Basin Management Unit
73,ROBINSON MESA,California,Lake Tahoe Basin Management Unit
74,TANK,California,Lake Tahoe Basin Management Unit
75,MT BALDY CROSSOVER,California,Lake Tahoe Basin Management Unit
76,CROSSOVER,California,Lake Tahoe Basin Management Unit
77,SUNRISE SNOWMOBILE 249,Arizona,Apache-Sitgreaves National Forests
78,EAST BALDY,Arizona,Apache-Sitgreaves National Forests
79,WEST BALDY,Arizona,Apache-Sitgreaves National Forests
80,FLAT TOP,Colorado,Pike and San Isabel National Forests
102,STANISLAUS PEAK,California,Stanislaus National Forest
104,GRANITE LAKE,California,Lake Tahoe Basin Management Unit
106,POWELL LAKE SPUR,Utah,Dixie National Forest
107,TWAIN HARTE OHV-M/C,California,Stanislaus National Forest
108,COLUMBIA SE OHV-M/C,California,Stanislaus National Forest
109,DOUBLE DOME,Georgia,Chattahoochee-Oconee National Forests
110,SUMMIT LEVEL,Colorado,San Isabel National Forest
111,SILVER MINE CREEK,California,Stanislaus National Forest
112,WOODS GULCH / ARNOT CREEK,California,Stanislaus National Forest
113,WILLOW CREEK / BLOOMER LAKE,California,Stanislaus National Forest
114,CRANDALL PK OHV-M/C,California,Stanislaus National Forest
115,BENNET JUNIPER,California,Stanislaus National Forest
116,RELIEF RESERVOIR,California,Stanislaus National Forest
118,TWAIN HARTE OHV-M/C,California,Stanislaus National Forest
119,CRANDALL PK OHV-M/C,California,Stanislaus National Forest
120,TWAIN HARTE OHV-M/C,California,Stanislaus National Forest
121,CRANDALL PK OHV-M/C,California,Stanislaus National Forest
122,TWAIN HARTE OHV M/C,California,Stanislaus National Forest
123,CRANDALL PK 0HV-M/C,California,Stanislaus National Forest
124,TWAIN HARTE OHV-M/C,California,Stanislaus National Forest
125,CRANDALL PK OHV-ATV,California,Stanislaus National Forest
126,CRANDALL PK OHV-ATV,California,Stanislaus National Forest
127,CRANDALL PK OHV-M/C,California,Stanislaus National Forest
128,ROCK SHELTER,California,Stanislaus National Forest
129,SINKHOLE,California,Stanislaus National Forest
130,AL FULTON,California,Stanislaus National Forest
131,ROCKY  BLUFF,California,Stanislaus National Forest
132,POLIMANA,California,Stanislaus National Forest
133,BACK ALLEY,California,Stanislaus National Forest
134,CARR CONNECTOR,California,Stanislaus National Forest
135,RIM CAMPGROUND,California,Stanislaus National Forest
136,PASTURE,California,Stanislaus National Forest
137,BACK ALLEY,California,Stanislaus National Forest
138,MILITARY SINKHOLE,Arizona,Apache-Sitgreaves National Forests
139,WILLOW SPRINGS BIKE LOOP,Arizona,Apache-Sitgreaves National Forests
140,HANGMAN,Arizona,Apache-Sitgreaves National Forests
141,MELLOW,California,Lake Tahoe Basin Management Unit
142,COTTONWOOD,California,Stanislaus National Forest
143,FISHERMAN,California,Stanislaus National Forest
144,EAST FORK,California,Stanislaus National Forest
145,MEADOW,California,Stanislaus National Forest
146,BILLY CREEK CONNECTOR,California,Stanislaus National Forest
147,JUNIPER RIDGE SHORTCUT,California,Stanislaus National Forest
148,HULL CREEK OHV,California,Stanislaus National Forest
149,HULL CREEK OHV,California,Stanislaus National Forest
150,HULL CREEK OHV,California,Stanislaus National Forest
151,CRANDALL PEAK OHV,California,Stanislaus National Forest
152,STRAWBERRY OHV,California,Stanislaus National Forest
157,STRAWBERRY OHV,California,Stanislaus National Forest
208,ASPEN MEADOW,California,Stanislaus National Forest
209,HELLS MOUNTAIN,California,Stanislaus National Forest
211,GROUSE VALLEY,California,Stanislaus National Forest
212,PAKER POT. 4X4,California,Stanislaus National Forest
213,HERRING CREEK,California,Stanislaus National Forest
214,BOX SPRING/CHAIN LAKES,California,Stanislaus National Forest
215,TWIN MEADOWS,California,Stanislaus National Forest
216,BOX SPRING,California,Stanislaus National Forest
217,BLUE HOLE/MATTLEY,California,Stanislaus National Forest
218,EAST HERRING CREEK,California,Stanislaus National Forest
219,GROUSE / CHAIN LAKES,California,Stanislaus National Forest
220,SHADOW OF THE MIWOK INTERPERAT,California,Stanislaus National Forest
221,VIEWPOINT,California,Stanislaus National Forest
222,SPRUCE,California,Stanislaus National Forest
223,RED TAIL,California,Stanislaus National Forest
224,MEADOW LARK,California,Stanislaus National Forest
225,TURKEY TRACK,California,Stanislaus National Forest
226,WILLOW,California,Stanislaus National Forest
227,CHIPMUNK SPRINGS,California,Stanislaus National Forest
228,RAVEN,California,Stanislaus National Forest
229,RIM RUN,California,Stanislaus National Forest
230,ROSS DRAW,California,Stanislaus National Forest
231,FEELIN' BLUE,California,Stanislaus National Forest
232,THE MAZE,California,Stanislaus National Forest
233,SECTION LINE,California,Stanislaus National Forest
234,THREE OAKS,California,Stanislaus National Forest
235,PROMONTORY SNOWMOBILE LOOP,California,Stanislaus National Forest
236,OWL,California,Stanislaus National Forest
237,HORTON SPRINGS,Arizona,Apache-Sitgreaves National Forests
238,ELK,California,Stanislaus National Forest
239,BIG SPRINGS CONNECTOR,California,Stanislaus National Forest
240,SEE CANYON,Arizona,Apache-Sitgreaves National Forests
241,SUMMIT,California,Stanislaus National Forest
242,PINECREST,California,Stanislaus National Forest
297,PINECREST LAKE N.R.T.,California,Stanislaus National Forest
298,CLEAR LAKE,California,Lake Tahoe Basin Management Unit
299,SKULL POT. 4X4,California,Stanislaus National Forest
300,TRAIL OF THE GARGOYLES INTERPE,California,Stanislaus National Forest
301,WILLOW MEADOW,California,Stanislaus National Forest
302,SOUTH FORK STANISLAUS,California,Stanislaus National Forest
303,BELL CREEK,California,Stanislaus National Forest
304,CASCADE CREEK,California,Stanislaus National Forest
305,PINECREST PEAK/CATFISH LAKE,California,Stanislaus National Forest
306,CLEOS BATH,California,Stanislaus National Forest
307,MCCORMICK / DREW CREEK,California,Stanislaus National Forest
308,PINGREE LAKE,California,Stanislaus National Forest
309,LIGHTNING MOUNTAIN,California,Stanislaus National Forest
310,BULL RUN ROCK,California,Stanislaus National Forest
311,NEAR PIKES PEAK,California,Stanislaus National Forest
312,COOPER POCKET,California,Stanislaus National Forest
313,BLACK HAWK LAKE,California,Stanislaus National Forest
314,SUMMIT CREEK,California,Stanislaus National Forest
315,LIGHTNING MOUNTAIN / ARNOT,California,Stanislaus National Forest
316,LETORA LAKE,California,Stanislaus National Forest
317,SPRING CREEK,California,Stanislaus National Forest
318,CLARK FORK CAMPGROUND,California,Stanislaus National Forest
319,BOUNDRY LAKE ( SPUR ),California,Stanislaus National Forest
320,LONG LAKE,California,Stanislaus National Forest
321,PRUITT LAKE,California,Stanislaus National Forest
322,DISASTER / PARIDISE,California,Stanislaus National Forest
323,TOMS CANYON,California,Stanislaus National Forest
324,BOULDER FLAT,California,Stanislaus National Forest
325,WOOD / DEER LAKES,California,Stanislaus National Forest
326,LAKE VALLEY / S.FORK STANISLAU,California,Stanislaus National Forest
327,BIG LAKE,California,Stanislaus National Forest
328,RELIEF / SAUCER MEADOW,California,Stanislaus National Forest
329,LONG LAKE,California,Stanislaus National Forest
330,STANISLAUS RIVER / CAMP LIAHON,California,Stanislaus National Forest
331,BALD PEAK,California,Stanislaus National Forest
332,KENNEDY MEADOWS / RELIEF RESER,California,Stanislaus National Forest
333,LIGHTNING MOUNTAIN,California,Stanislaus National Forest
334,BARN MEADOW,California,Stanislaus National Forest
335,BOURLAND CREEK,California,Stanislaus National Forest
336,HAY MEADOW / 19E91,California,Stanislaus National Forest
337,HYATT LAKE,California,Stanislaus National Forest
339,HORSE MEADOW / CHERRY CREEK,California,Stanislaus National Forest
341,LONG VALLEY CREEK,California,Stanislaus National Forest
343,PEACEFUL PINES / DISASTER,California,Stanislaus National Forest
344,TWAIN HARTE OHV-ATV,California,Stanislaus National Forest
345,CALAVERAS DN OHV ATV RT7E,California,Stanislaus National Forest
346,NORTH FORK CHERRY CREEK,California,Stanislaus National Forest
348,BENNET JUNIPER,California,Stanislaus National Forest
349,TWAIN HARTE OHV-M/C,California,Stanislaus National Forest
350,CRANDALL PK OHV-M/C,California,Stanislaus National Forest
351,ASPEN,California,Stanislaus National Forest
352,PINE J,California,Stanislaus National Forest
353,POLE KNOLL,California,Stanislaus National Forest
354,SPRINGS CONNECTOR,California,Stanislaus National Forest
355,TURKEY TRACK ROAD,California,Stanislaus National Forest
356,HULL CREEK OHV - ATV,California,Stanislaus National Forest
357,HULL CREEK/STRAWBERRY OHV- ATV,California,Stanislaus National Forest
358,ART BRANCH,California,Stanislaus National Forest
359,ALPINE HORSE TRAIL ALT ROUTE,California,Stanislaus National Forest
361,HULL CREEK OHV,California,Stanislaus National Forest
362,HULL CREEK OHV- 4X4,California,Stanislaus National Forest
364,HULL CREEK OHV - ATV,California,Stanislaus National Forest
365,HULL CREEK OHV - 4X4,California,Stanislaus National Forest
366,LK ALPINE CG TO CHICKAREE,California,Stanislaus National Forest
368,HULL CREEK OHV- ATV,California,Stanislaus National Forest
369,DONNELL VISTA2,California,Stanislaus National Forest
370,HULL CREEK OHV-4X4,California,Stanislaus National Forest
373,SARDINE,California,Stanislaus National Forest
374,SQUIRREL CANYON,California,Stanislaus National Forest
375,PAT MULLEN MOUNTAIN CONNECTOR,California,Stanislaus National Forest
376,YAM CANYON TRAIL,California,Stanislaus National Forest
377,SMOKEY TRAIL,California,Stanislaus National Forest
378,RIM RUN,California,Stanislaus National Forest
379,ASPEN,California,Stanislaus National Forest
380,ARNOLD RIM TRAIL - ADA,California,Stanislaus National Forest
383,HULL CREEK OHV - ATV,California,Stanislaus National Forest
384,HULL CREEK OHV- ATV,California,Stanislaus National Forest
385,HULL CREEK OHV - M/C,California,Stanislaus National Forest
387,HWY 4 TO 19E01,California,Stanislaus National Forest
389,L.G.C.F ( SPUR),California,Stanislaus National Forest
390,JAWBONE RIDGE,California,Stanislaus National Forest
391,TEXAS HILL MINE,California,Stanislaus National Forest
392,COUNTY LINE,California,Stanislaus National Forest
393,MOSS CREEK,California,Stanislaus National Forest
394,WEST SHORE CHERRY LAKE,California,Stanislaus National Forest
395,L.G.C.F. INTERPERATIVE TRAIL,California,Stanislaus National Forest
396,WOODS RIDGE LOOKOUT,California,Stanislaus National Forest
397,JAWBONE CREEK,California,Stanislaus National Forest
398,HULL CREEK OHV - ATV,California,Stanislaus National Forest
399,TEXAS HILL,California,Stanislaus National Forest
400,RAINBOW POOL,California,Stanislaus National Forest
401,L.G.C.F. FALLS INTERPERATIVE T,California,Stanislaus National Forest
402,RED CLOUD,California,Stanislaus National Forest
403,JORDAN FLAT,California,Stanislaus National Forest
404,TEXAS HILL,California,Stanislaus National Forest
405,SOUTH FORK TUOLUMNE RIVER,California,Stanislaus National Forest
406,SPUR FROM 19E58,California,Stanislaus National Forest
407,WHITE FIR CREEK,California,Stanislaus National Forest
408,SMITH PEAK,California,Stanislaus National Forest
409,HULL CREEK OHV - 4X4,California,Stanislaus National Forest
410,RAILROAD, SOUTH FORK TUOLUMNE,California,Stanislaus National Forest
411,YOSEMITE BORDER,California,Stanislaus National Forest
412,BONDURANT,California,Stanislaus National Forest
413,L.G.C.F FALLS ( SPUR ),California,Stanislaus National Forest
414,CLAVEY RIVER,California,Stanislaus National Forest
415,PILOT RIDGE,California,Stanislaus National Forest
416,NORTH MOUNTAIN LOOKOUT,California,Stanislaus National Forest
417,MATHER,California,Stanislaus National Forest
418,HULL CREEK OHV - ATV,California,Stanislaus National Forest
419,LIVING FOREST NATURE TRAIL,California,Stanislaus National Forest
420,DIAMOND O,California,Stanislaus National Forest
421,ACCESS S. FORK MOKELUMNE,California,Stanislaus National Forest
422,STANISLAUS RIVER ACCESS 5N07.4,California,Stanislaus National Forest
423,TAWONGA CAMP,California,Stanislaus National Forest
424,DIAMOND O,California,Stanislaus National Forest
425,PRATHER,California,Stanislaus National Forest
426,MCTC: 7N58 TO 7N19Y,California,Stanislaus National Forest
427,ADJACENT TO ROAD 1S25.4,California,Stanislaus National Forest
428,MIDDLE FORK CAMPGROUND,California,Stanislaus National Forest
429,ITALIAN DIGGIN,California,Stanislaus National Forest
431,GARNET HILL TO CUNEO CAMP,California,Stanislaus National Forest
432,BORDER CALAVERAS / TUOLOUMNE C,California,Stanislaus National Forest
433,CARLON CAMPGROUND,California,Stanislaus National Forest
434,CANDY ROCK,California,Stanislaus National Forest
435,NORTH FORK STANISLAUS,California,Stanislaus National Forest
436,WALKER TO16E20,California,Stanislaus National Forest
437,SPICER AREA / SPICER / SAND,California,Stanislaus National Forest
438,MT. REBA SKI AREA,California,Stanislaus National Forest
439,HIRAM PK. TO HIGHLAND LAKES,California,Stanislaus National Forest
440,U.S.A. CAMP / SPICER RESERVOIR,California,Stanislaus National Forest
441,CABBAGE PATCH,California,Stanislaus National Forest
442,WOLF CREEK,California,Stanislaus National Forest
443,HIRAM PEAK,California,Stanislaus National Forest
444,WHEELER LAKE BYPASS,California,Stanislaus National Forest
445,COW CAMP,California,Stanislaus National Forest
446,DIAMOND O,California,Stanislaus National Forest
447,DIAMOND O,California,Stanislaus National Forest
448,LITTLE GRIZZLEY CREEK,California,Stanislaus National Forest
449,LITTLE RATTLESNAKE,California,Stanislaus National Forest
450,BIG TREES,California,Stanislaus National Forest
451,CARLON STATION,California,Stanislaus National Forest
452,ADJACENT TO ROAD 1S25.4,California,Stanislaus National Forest
453,DIAMOND O,California,Stanislaus National Forest
454,LITTLE CRANE CREEK,California,Stanislaus National Forest
455,MANUEL MILL,California,Stanislaus National Forest
456,CABBAGE PATCH TO 6N45J,California,Stanislaus National Forest
457,HEISER LAKE EXT.,California,Stanislaus National Forest
458,ALPINE HORSE TRAIL LOOP,California,Stanislaus National Forest
459,A.T.&T.,California,Stanislaus National Forest
460,BEAR TRAP BASIN,California,Stanislaus National Forest
461,FROG LAKE,California,Stanislaus National Forest
462,CHAMPION CANYON,California,Stanislaus National Forest
463,CAPE HORN TO EMIGRANT,California,Stanislaus National Forest
464,NORTH FORK STANISLAUS,California,Stanislaus National Forest
465,LODGEPOLE,California,Stanislaus National Forest
466,BUMMER / POST CORRAL,California,Stanislaus National Forest
467,SANDS MEADOW,California,Stanislaus National Forest
468,HELLS KITCHEN LOOP,California,Stanislaus National Forest
469,HWY.4 TO 7N11A,California,Stanislaus National Forest
470,ALPINE BYPASS,California,Stanislaus National Forest
471,DEER CREEK,California,Stanislaus National Forest
472,FROM 19E43 TO 19E02,California,Stanislaus National Forest
473,BULL RUN,California,Stanislaus National Forest
474,WHITTLE UPPER CAMP,California,Stanislaus National Forest
475,HIRAM MEADOW TO 19E43,California,Stanislaus National Forest
476,HIRAM CANYON,California,Stanislaus National Forest
477,COTTONWOOD CR.,California,Stanislaus National Forest
478,KNIGHT CREEK,California,Stanislaus National Forest
479,RUSHING MEADOW,California,Stanislaus National Forest
480,PAPER CABIN TO TUOLUMNE RIVER,California,Stanislaus National Forest
481,NORTH FORK MOKELUMNE RIVER,California,Stanislaus National Forest
482,MAIL ROAD / WOLFIN MEADOW,California,Stanislaus National Forest
483,CIRCLE,California,Stanislaus National Forest
484,HUNTER CR. OVERLOOK,California,Stanislaus National Forest
485,KELTZ MINE,California,Stanislaus National Forest
486,SONNET MINE,California,Stanislaus National Forest
487,THIRTEN MILE CREEK,California,Stanislaus National Forest
488,CAMP IDA SPRING,California,Stanislaus National Forest
489,THOMAS PEAK,California,Stanislaus National Forest
490,JACK ASS CAMP,California,Stanislaus National Forest
491,MT. LEWIS,California,Stanislaus National Forest
492,ROGGE TRAIL,California,Stanislaus National Forest
493,PACIFIC CREST TRAIL,California,Stanislaus National Forest
494,FAHEY CABIN,California,Stanislaus National Forest
495,THOMAS / CLAVEY,California,Stanislaus National Forest
496,WILLOW,California,Stanislaus National Forest
497,RALPH RANCH,California,Stanislaus National Forest
498,TYRON MEADOW,California,Stanislaus National Forest
499,STANISLAUS TUNNEL,California,Stanislaus National Forest
500,RUSHING MEADOW SPUR,California,Stanislaus National Forest
501,ITALIAN BAR,California,Stanislaus National Forest
502,WEST SIDE R/R GRADE,California,Stanislaus National Forest
503,TWAIN HARTE HORSEMEN,California,Stanislaus National Forest
504,RIVERSIDE SPUR,California,Stanislaus National Forest
505,LUCKY STRIKE,California,Stanislaus National Forest
506,HWY 108 SNOW TRAIL,California,Stanislaus National Forest
507,WEST FORK CHERRY,California,Stanislaus National Forest
508,TOULUMNE RIVER,California,Stanislaus National Forest
509,LOWER CLAVEY,California,Stanislaus National Forest
510,WEST HERRING CREEK,California,Stanislaus National Forest
511,7N75 SNOW TRAIL,California,Stanislaus National Forest
513,NORTH FORK INTERPERATIVE,California,Stanislaus National Forest
514,BASIN CREEK CAMPGROUND,California,Stanislaus National Forest
515,8N01 SNOW TRAIL,California,Stanislaus National Forest
516,5N01 SNOW TRAIL,California,Stanislaus National Forest
517,PINECREST TO STRAWBERRY,California,Stanislaus National Forest
518,TUNNEL CR. R/R GRADE,California,Stanislaus National Forest
519,7N01G SNOW TRAIL,California,Stanislaus National Forest
520,7N01 SNOW TRAIL,California,Stanislaus National Forest
521,BOURLAND MEADOW,California,Stanislaus National Forest
522,SHEERING CREEK,California,Stanislaus National Forest
523,BELL MOUNTAIN,California,Stanislaus National Forest
524,GRAPEVINE,California,Stanislaus National Forest
525,TROUT OVERLOOK,California,Stanislaus National Forest
526,DOUBLE "S",California,Stanislaus National Forest
527,HWY 4 SNOW TRAIL,California,Stanislaus National Forest
528,SPRING GAP FOOTBRIDGE / DONNEL,California,Stanislaus National Forest
529,UPPER CLAVEY,California,Stanislaus National Forest
530,7N17 SNOW TRAIL,California,Stanislaus National Forest
531,HUNTER CREEK,California,Stanislaus National Forest
532,6N65Y SNOW TRAIL,California,Stanislaus National Forest
533,MIDDLE FORK STANISLAUS,California,Stanislaus National Forest
534,CHINA FLAT,California,Stanislaus National Forest
535,MIDDLE FORK STANISLAUS,California,Stanislaus National Forest
536,NEAR 5N28,California,Stanislaus National Forest
537,STRAW / FRASER FLAT RR BIKE TR,California,Stanislaus National Forest
538,MCTC: 7N11 TO 17E27,California,Stanislaus National Forest
539,HULL CREEK OHV - ATV,California,Stanislaus National Forest
540,HULL CREEK OHV - ATV,California,Stanislaus National Forest
541,MCTC: 7N14 TO 7N14D,California,Stanislaus National Forest
542,P8#2,California,Stanislaus National Forest
543,HULL CREEK OHV - 4X4,California,Stanislaus National Forest
545,MCTC: 7N56Y TO 7N64Y,California,Stanislaus National Forest
546,MCTC: 7N76Y TO 7N14,California,Stanislaus National Forest
547,MCTC: BEAR VALLEY TO 7N20,California,Stanislaus National Forest
548,HULL CREEK OHV - 4X4,California,Stanislaus National Forest
549,P4,California,Stanislaus National Forest
550,MCTC:7N56YA TO 7N56Y,California,Stanislaus National Forest
551,HULL CREEK OHV - ATV,California,Stanislaus National Forest
552,HULL CREEK OHV - 4X4,California,Stanislaus National Forest
553,P12,California,Stanislaus National Forest
554,MCTC: 7N14D TO 7N14C,California,Stanislaus National Forest
555,ART EQUESTRIAN BYPASS,California,Stanislaus National Forest
556,MCTC: 7N64Y TO 17EV17,California,Stanislaus National Forest
558,HULL CREEK OHV - ATV,California,Stanislaus National Forest
560,UPPER LONG LAKE,California,Stanislaus National Forest
561,HULL CREEK OHV - ATV,California,Stanislaus National Forest
563,MCTC: 7N35 TO PVT ROAD,California,Stanislaus National Forest
564,HULL CREEK OHV - 4X4,California,Stanislaus National Forest
565,HULL CREEK OHV - ATV,California,Stanislaus National Forest
566,HULL CREEK OHV - ATV,California,Stanislaus National Forest
567,HULL CREEK OHV - ATV,California,Stanislaus National Forest
568,BEAR SPRINGS,California,Stanislaus National Forest
569,WAR FINANCE,California,Stanislaus National Forest
570,SPUR CROSS,California,Stanislaus National Forest
571,CRYSTAL CAVE,California,Stanislaus National Forest
572,BLUE VISTA TRAIL,California,Stanislaus National Forest
573,PASTURE TRAIL,California,Stanislaus National Forest
574,THOMAS CREEK TRAIL,California,Stanislaus National Forest
575,MCQUAID,California,Stanislaus National Forest
576,UTE CREEK,California,Stanislaus National Forest
577,ST CHARLES ACCESS FROM 335,California,Stanislaus National Forest
599,TWAIN HARTE OHV-M/C,California,Stanislaus National Forest
600,TWAIN HARTE OHV-M/C,California,Stanislaus National Forest
601,CRANDALL PK OHV-M/C,California,Stanislaus National Forest
602,TWAIN HARTE OHV -M/C,California,Stanislaus National Forest
603,CRANDALL PK OHV-M/C,California,Stanislaus National Forest
604,TWAIN HARTE OHV-M/C,California,Stanislaus National Forest
605,CRANDALL PK OHV-ATV,California,Stanislaus National Forest
606,TWAIN HARTE OHV-M/C,California,Stanislaus National Forest
607,TWAIN HARTE OHV-M/C,California,Stanislaus National Forest
608,TWAIN HARTE OHV-M/C,California,Stanislaus National Forest
609,CRANDALL PK OHV-M/C,California,Stanislaus National Forest
610,TWAIN HARTE OHV-M/C,California,Stanislaus National Forest
611,TWAIN HATRE OHV-M/C,California,Stanislaus National Forest
612,CRANDALL PK OHV-M/C,California,Stanislaus National Forest
613,COLUMBIA SE OHV-ATV,California,Stanislaus National Forest
614,TWAIN HARTE OHV -M/C,California,Stanislaus National Forest
615,TWAIN HARTE OHV-M/C,California,Stanislaus National Forest
616,CRANDALL PK OHV 4X4,California,Stanislaus National Forest
617,CRANDALL PK OHV-M/C,California,Stanislaus National Forest
618,TWAIN HARTE/CRNDLL PK - M/C,California,Stanislaus National Forest
619,TWAIN HARTE OHV-ATV,California,Stanislaus National Forest
620,CRANDALL PK OHV M/C,California,Stanislaus National Forest
621,TWAIN HARTE OHV M/C,California,Stanislaus National Forest
622,MOGOLLON RIM SNOWMOBILE E,Arizona,Tonto National Forest
623,MOGOLLON RIM SNOWMOBILE D,Arizona,Tonto National Forest
624,HANNAH TRAIL,Arizona,Tonto National Forest
625,MOGOLLON RIM SNOWMOBILE B,Arizona,Tonto National Forest
626,HOBO TRAIL,Arizona,Tonto National Forest
627,PIONEERS SHORTCUT #2,Arizona,Tonto National Forest
628,MEADOW,Arizona,Tonto National Forest
629,ROBINSON HOLLOW,Arizona,Tonto National Forest
630,QUIEN SABE,Arizona,Tonto National Forest
631,HOT AIR,Arizona,Tonto National Forest
632,HAGAN CORRAL,Arizona,Tonto National Forest
633,BEAR PEN SPRINGS,Arizona,Tonto National Forest
634,BIG CREEK / RIVERS CREEK,Arizona,Tonto National Forest
635,GROVE DRAW ATV TRAIL,Arizona,Tonto National Forest
636,DRY HOLLOW,Arizona,Tonto National Forest
637,SALT CREEK,Arizona,Tonto National Forest
638,PLEASANT CREEK TRAIL,Arizona,Tonto National Forest
639,FIRST CREEK,Arizona,Tonto National Forest
640,HORSE HOLLOW - COPLEYS,Arizona,Tonto National Forest
641,SOUTH FORK OF PINE CREEK,Arizona,Tonto National Forest
642,BALDWIN RIDGE,Arizona,Tonto National Forest
643,SOUTH BULLION TO GOLD HILL,Arizona,Tonto National Forest
644,BULLION PASTURE - MINERS PARK,Arizona,Tonto National Forest
645,SOUTH FORK OF THREE CREEKS,Arizona,Tonto National Forest
646,NORTH FORK CITY CREEK,Arizona,Tonto National Forest
647,SHINGLE LOOP,Arizona,Tonto National Forest
648,ANTIMONY KNOLL ATV TRAIL,Arizona,Tonto National Forest
649,BLUE LAKE,Arizona,Tonto National Forest
650,SHINGLE CR - NO CR DIVIDE,Arizona,Tonto National Forest
651,SHINGLE CREEK HEADWATERS,Arizona,Tonto National Forest
652,FISH CREEK CATTLE DRIVEWAY,Arizona,Tonto National Forest
653,CORK RIDGE - PINE,Arizona,Tonto National Forest
654,CHOKECHERRY ATV TRAIL,Arizona,Tonto National Forest
655,TANNER HOLLOW - BIG JOHN,Arizona,Tonto National Forest
656,SOUTH FORK OF CITY CREEK,Arizona,Tonto National Forest
657,SOUTH FORK OF BAKER,Arizona,Tonto National Forest
658,TUSHAR RIDGE,Arizona,Tonto National Forest
659,JIM REED CREEK - BOSMAN,Arizona,Tonto National Forest
660,SOUTH FORK OF NORTH CREEK,Arizona,Tonto National Forest
661,DRY BENCH TRAIL,Arizona,Tonto National Forest
662,LOUSY JIM CREEK,Arizona,Tonto National Forest
663,TRAIL 4854,Arizona,Tonto National Forest
664,TRAIL 4825,Arizona,Tonto National Forest
665,PORKIES PASTURE,Arizona,Tonto National Forest
666,FIRST CREEK-JOHN WATTS SPRING,Arizona,Tonto National Forest
667,BEAR CANYON TRAIL,Arizona,Tonto National Forest
668,COTTONWOOD - SUNSET TIE,Arizona,Tonto National Forest
669,CHIDESTER RIDGE TRAIL,Arizona,Tonto National Forest
671,DOG VALLEY - BULL VALLEY,Arizona,Tonto National Forest
672,PINE CREEK,Arizona,Tonto National Forest
673,BIG OAKS - FERGSON,Arizona,Tonto National Forest
674,FREMONT STATE PARK,Arizona,Tonto National Forest
675,SAM HENRIE,Arizona,Tonto National Forest
676,AL GAY - HORSE FLAT CUTOFF,Arizona,Tonto National Forest
677,ALMA CHRISTENSEN,Arizona,Tonto National Forest
678,PINE CREEK TRAIL,Arizona,Tonto National Forest
679,SOLITARE LAKE TRAIL,Arizona,Tonto National Forest
680,HORSE FLAT,Arizona,Tonto National Forest
681,LITTLE NORTH CREEK,Arizona,Tonto National Forest
682,TRAIL CANYON - LOWER FISH CREE,Arizona,Tonto National Forest
683,BIRCH CREEK TRAIL,Arizona,Tonto National Forest
684,WHITE SAGE FLAT - SHINGLEMILL,Arizona,Tonto National Forest
685,LOAFERS,Arizona,Tonto National Forest
686,PIPELINE,Arizona,Tonto National Forest
687,CART WHEEL TRAIL,Arizona,Tonto National Forest
688,TEN MILE,Arizona,Tonto National Forest
689,PUFFER LAKE - SKYLINE,Arizona,Tonto National Forest
690,JEWELL,Arizona,Tonto National Forest
691,LITTLE FORK TRAIL,Arizona,Tonto National Forest
692,SUNDAY LICK,Arizona,Tonto National Forest
693,MCCCT- BWC,Arizona,Tonto National Forest
694,MEADOWS WEST TRAIL,Arizona,Tonto National Forest
695,ROY GAP TRAIL ( SENECA ROCKS T,Arizona,Tonto National Forest
696,FORK MOUNTAIN TRAIL,Arizona,Tonto National Forest
697,NORTH FORK MTN (RED-FR79),Arizona,Tonto National Forest
698,LAUREL FORK NORTH,Arizona,Tonto National Forest
699,SHAVERS FORK TRAIL,Arizona,Tonto National Forest
700,HONEYCOMB ROCKS #490,Arizona,Tonto National Forest
701,FROSTY GAP,Arizona,Tonto National Forest
702,SCAUR,Arizona,Tonto National Forest
703,BERRY FARM SNOMO,Arizona,Tonto National Forest
704,HIX MTN RD SNOMO,Arizona,Tonto National Forest
705,MACK - MALTBY HILLS-M.L.L.T. C,Arizona,Tonto National Forest
706,MEADOWS - MCCCT,Arizona,Tonto National Forest
707,PERRY N BODAY TRAIL,Arizona,Tonto National Forest
708,NEWAYGO-WELLSTON SMT DNR3,Arizona,Tonto National Forest
709,NORTH COUNTRY TRAIL,Arizona,Tonto National Forest
710,ALCONA ATV TRAIL,Arizona,Tonto National Forest
711,MCCT - CAD/MAN,Arizona,Tonto National Forest
712,ROUGH RUN,Arizona,Tonto National Forest
713,POCAHONTAS TRAIL,Arizona,Tonto National Forest
714,WILDLIFE TRAIL,Arizona,Tonto National Forest
715,ALLEGHENY TRAIL # 701A,Arizona,Tonto National Forest
716,GATEWAY,Arizona,Tonto National Forest
717,CRANBERRY RIDGE TRAIL,Arizona,Tonto National Forest
718,CHARLES CREEK TRAIL,Arizona,Tonto National Forest
719,NORTH FORK MTN (FR79-JUDY),Arizona,Tonto National Forest
720,UDELL HILLS SMT DNR614,Arizona,Tonto National Forest
721,CREEKSIDE,Arizona,Tonto National Forest
722,PCT BADEN-POWELL,California,Stanislaus National Forest
723,COLBY CANYON,California,Stanislaus National Forest
724,HAINES CANYON TRAIL,California,Stanislaus National Forest
725,OSCODA-ALCONA SMT DNR96,California,Stanislaus National Forest
726,SOUTH HADDIX TRAIL,California,Stanislaus National Forest
727,RIVER WARMUP NORTH,California,Stanislaus National Forest
728,BUCKLEY MOUNTAIN NORTH,California,Stanislaus National Forest
729,TROUT TRAIL,California,Stanislaus National Forest
730,BLUE KNOB SUMMIT,California,Stanislaus National Forest
731,MONDAY LICK,California,Stanislaus National Forest
732,RIVER WARMUP SOUTH,California,Stanislaus National Forest
733,MONDAY RIDGE,California,Stanislaus National Forest
734,ALLEGHENY TRAIL # 701H,California,Stanislaus National Forest
735,WYATT NATURE TRAIL# 488,California,Stanislaus National Forest
736,LAKE ACCESS TRAIL B,California,Stanislaus National Forest
737,LAKE ACCESS TRAIL A,California,Stanislaus National Forest
738,ALLEGHENY TRAIL # 701C,California,Stanislaus National Forest
739,POWERLINE TRAIL # 423,California,Stanislaus National Forest
740,WHISPERING SPRUCE CONNECTOR,California,Stanislaus National Forest
741,ALLEGHENY TRAIL # 701I,California,Stanislaus National Forest
742,ALLEGHENY TRAIL # 701B,California,Stanislaus National Forest
743,ALLEGHENY TRAIL # 701E,California,Stanislaus National Forest
744,ALLEGHENY TRAIL # 701K,California,Stanislaus National Forest
745,ALLEGHENY TRAIL # 701D,California,Stanislaus National Forest
746,ALLEGHENY TRAIL #701WS,California,Stanislaus National Forest
747,ALTR-LOW WATER GLADWIN TO CR12,California,Stanislaus National Forest
748,ALLEGHENY-LOWER GLADY TO RTE33,California,Stanislaus National Forest
749,ALLEGHENY - RTE 33 TO RCR27,California,Stanislaus National Forest
750,ALLEGHENY TRAIL # 701J,California,Stanislaus National Forest
751,CEDRO CREEK INTERPRETIVE,California,Stanislaus National Forest
752,NORTH BEND TRAIL,California,Stanislaus National Forest
753,ZERO GRADE ACCESSIBLE TR,California,Stanislaus National Forest
754,MIDDLE FORK TRAIL,California,Stanislaus National Forest
755,MACK - MIO TRAIL,California,Stanislaus National Forest
756,NELSON RIDGE (CAPE MTN TRAIL),California,Stanislaus National Forest
757,DARLINGTONIA WALKWAY,California,Stanislaus National Forest
758,OREGON DUNES LOOP TRAIL,California,Stanislaus National Forest
759,CHIEF TSILTCOOS,California,Stanislaus National Forest
760,TAYLOR DUNES,California,Stanislaus National Forest
761,SUTTON CREEK LOOP,California,Stanislaus National Forest
762,SILTCOOS LAKE TRAIL,California,Stanislaus National Forest
763,NORTH RIDGE-MARYS PEAK,California,Stanislaus National Forest
764,TAHKENITCH CREEK,California,Stanislaus National Forest
765,TAHKENITCH DUNES TRAIL,California,Stanislaus National Forest
766,EAST RIDGE-MARYS PEAK,California,Stanislaus National Forest
767,WAXMYRTLE,California,Stanislaus National Forest
768,HORSE CREEK TRAIL NORTH,California,Stanislaus National Forest
769,SUTTON CREEK NORTH,California,Stanislaus National Forest
770,SUTTON LAKE TRAIL,California,Stanislaus National Forest
771,ALDER DUNE DAY USE TRAIL,California,Stanislaus National Forest
772,SUTTON CRK BOLDUC'S MEADOW,California,Stanislaus National Forest
773,ALDER LAKE TRAIL,California,Stanislaus National Forest
774,SUTTON CAMPGROUND TIE,California,Stanislaus National Forest
779,HULL CREEK OHV-ATV,California,Stanislaus National Forest
780,CRANDALL PEAK OHV-M/C,California,Stanislaus National Forest
781,TWAIN HARTE OHV-ATV,California,Stanislaus National Forest
782,HULL CREEK OHV-4X4,California,Stanislaus National Forest
783,HULL CREEK OHV-ATV,California,Stanislaus National Forest
784,TWAIN HARTE OHV-MC,California,Stanislaus National Forest
789,TRAIL OF THE GARGOYLES,California,Stanislaus National Forest
800,TWAIN HARTE OHV - ATV,California,Stanislaus National Forest
801,STRAWBERRY/PINECREST OHV-4X4,California,Stanislaus National Forest
802,HULL CREEK OHV-ATV,California,Stanislaus National Forest
803,CRANDALL PEAK OHV-4X4,California,Stanislaus National Forest
804,TWAIN HARTE OHV-4X4,California,Stanislaus National Forest
805,CRANDALL PEAK OHV - M/C,California,Stanislaus National Forest
806,HULL CREEK OHV-4X4,California,Stanislaus National Forest
807,HULL CREEK OHV-ATV,California,Stanislaus National Forest
808,TWAIN HARTE OHV - ATV,California,Stanislaus National Forest
809,PINECREST OHV-ATV,California,Stanislaus National Forest
810,COLUMBIA SE OHV-4X4,California,Stanislaus National Forest
811,HULL CREEK OHV-ATV,California,Stanislaus National Forest
812,CRANDALL PEAK OHV-M/C,California,Stanislaus National Forest
813,CRANDALL PEAK OHV-M/C,California,Stanislaus National Forest
814,COTTONWOOD TANK TRAIL,Arizona,Tonto National Forest
815,PINTAIL LAKE #2,Arizona,Tonto National Forest
816,NORTH LAKE ALPINE,California,Stanislaus National Forest
818,UNION ROCK LAKE,California,Stanislaus National Forest
819,DISASTER CREEK,California,Stanislaus National Forest
820,WOODCHUCK,California,Stanislaus National Forest
821,ANCIENT DWARVES I.T.,California,Stanislaus National Forest
822,COUNTY LINE,California,Stanislaus National Forest
823,EMIGRANT TRAIL,California,Stanislaus National Forest
824,STUDHORSE MEADOW,California,Stanislaus National Forest
825,ARNOT CREEK,California,Stanislaus National Forest
826,CALAVERAS DOME OHV-ATV RT7B,California,Stanislaus National Forest
827,PORTER-MAVERICK CONNECTOR C,California,Stanislaus National Forest
828,LOS BURROS MOTORIZED A,Arizona,Tonto National Forest
829,GHOST OF THE COYOTE,California,Stanislaus National Forest
830,LARGO,California,Stanislaus National Forest
831,GENERAL CROOK CONNECTOR,Arizona,Tonto National Forest
832,THREE MILE LAKE SOUTH,California,Stanislaus National Forest
833,FIR,California,Stanislaus National Forest
834,FOUR SPRINGS CONNECTOR,California,Stanislaus National Forest
835,COTTONWOOD TRAIL,California,Stanislaus National Forest
836,PINYON TRAIL,California,Stanislaus National Forest
837,LAGOON TRAIL,California,Stanislaus National Forest
838,PIGEON LOOP,California,Stanislaus National Forest
839,WILDBUNCH,California,Stanislaus National Forest
870,BUMMER/WHEATS,California,Stanislaus National Forest
877,PINECREST OHV-4X4,California,Stanislaus National Forest
878,TWAIN HARTE OHV-ATV,California,Stanislaus National Forest
879,HULL CREEK OHV-M/C-ATV,California,Stanislaus National Forest
880,HULL CREEK OHV-4X4,California,Stanislaus National Forest
881,COLUMBIA SE OHV-4X4,California,Stanislaus National Forest
882,DEER CREEK (UPPER),California,Stanislaus National Forest
883,TWAIN HARTE OHV-ATV,California,Stanislaus National Forest
884,PINECREST OHV-ATV,California,Stanislaus National Forest
885,CALAVERAS DM OHV 4X4,California,Stanislaus National Forest
886,CRANDALL PK OHV-M/C,California,Stanislaus National Forest
887,TWAIN HARTE OHV-M/C,California,Stanislaus National Forest
888,TWAIN HARTE OHV-M/C,California,Stanislaus National Forest
889,TWAIN HARTE OHV-ATV,California,Stanislaus National Forest
890,CRANDALL PK OHV-ATV,California,Stanislaus National Forest
891,DARDANELLE OHV-4X4,California,Stanislaus National Forest
892,CALAVERAS DM OHV-4X4,California,Stanislaus National Forest
893,CRANDALL PK. OHV-M/C,California,Stanislaus National Forest
894,TWAIN HARTE OHV-M/C,California,Stanislaus National Forest
895,CRANDALL PK OHV-M/C,California,Stanislaus National Forest
896,PINECREST OHV-ATV,California,Stanislaus National Forest
897,CRABTREE,California,Stanislaus National Forest
898,SALT HOUSE CONNECTION,California,Stanislaus National Forest
899,SALTHOUSE,California,Stanislaus National Forest
900,FRYE,California,Stanislaus National Forest
901,SHEEP SADDLE,California,Stanislaus National Forest
902,MCBRIDE MESA,California,Stanislaus National Forest
903,CHEVELON CROSSING ACCESS,Arizona,Tonto National Forest
904,STRAYHORSE,Arizona,Tonto National Forest
905,BLOWOUT TRAIL,Arizona,Tonto National Forest
906,EAST EAGLE,Arizona,Tonto National Forest
907,LONG DRAW OHV SOUTH,Arizona,Tonto National Forest
908,MOGOLLON RIM SNOWMOBILE C,Arizona,Tonto National Forest
909,TURKEY SPRING TRAIL,Arizona,Tonto National Forest
910,WOODS CANYON NATURE TRAIL CONN,Arizona,Tonto National Forest
911,PIONEERS SHORTCUT #1,Arizona,Tonto National Forest
912,ROSE PEAK TRAIL,Arizona,Tonto National Forest
913,JUNIPER,Arizona,Tonto National Forest
914,PINE J,Arizona,Tonto National Forest
915,AC TRAIL,Arizona,Tonto National Forest
916,MOGOLLON RIM,Arizona,Tonto National Forest
917,PORTER-MAVERICK CONNECTOR B,Arizona,Tonto National Forest
918,OSPREY,Arizona,Tonto National Forest
919,OWL,Arizona,Tonto National Forest
921,TRAIL OF THE SURVIVORS I.T.,Arizona,Tonto National Forest
922,UNDERWOOD VALLEY,Arizona,Tonto National Forest
923,SAPPS AUTH 4X4,Arizona,Tonto National Forest
927,SUMMIT LAKE,California,Stanislaus National Forest
928,BEAR VALLEY/LAKE ALPINE,California,Stanislaus National Forest
929,ELEPHANT ROCK,California,Stanislaus National Forest
930,PIONEER,California,Stanislaus National Forest
931,BURGSON LAKE,California,Stanislaus National Forest
932,STRAWBERRY,California,Stanislaus National Forest
934,SPICER/WHEATS,California,Stanislaus National Forest
935,SHOOFLY,California,Stanislaus National Forest
936,WHEATS MEADOW,California,Stanislaus National Forest
937,BEAR LAKE,California,Stanislaus National Forest
940,CALAVERAS DM OHV 4X4,California,Stanislaus National Forest
941,TWAIN HARTE OHV-M/C,California,Stanislaus National Forest
942,TWAIN HARTE OHV-M/C,California,Stanislaus National Forest
943,CALAVERAS DOME OHV-4X4,California,Stanislaus National Forest
944,DONNEL LK OHV -ATV,California,Stanislaus National Forest
945,CALAVERAS DOME OHV 4X4 RT6A,6F,California,Stanislaus National Forest
946,CRANDALL PK OHV-M/C,California,Stanislaus National Forest
947,CRANDALL PEAK OHV-M/C,California,Stanislaus National Forest
948,TWAIN HARTE OHV-M/C,California,Stanislaus National Forest
949,CALAVERAS DOME OHV-ATV,California,Stanislaus National Forest
950,CALAVERAS DM OHV 4X4 RT4C,California,Stanislaus National Forest
951,JAWBONE RIDGE OHV-ATV,California,Stanislaus National Forest
952,RED TAIL,California,Stanislaus National Forest
953,PORTER MOUNTAIN SCENIC VISTA,Arizona,Tonto National Forest
954,PAINTED BLUFF,Arizona,Tonto National Forest
955,RED MOUNTAIN,Arizona,Tonto National Forest
956,HL CANYON,Arizona,Tonto National Forest
957,SARDINE SNOWMOBILE,Arizona,Tonto National Forest
1267,12E67-C05,Arizona,Tonto National Forest
958,AD BAR,Arizona,Tonto National Forest
959,HIGHLINE,Arizona,Tonto National Forest
960,PIGEON CONNECTION TRAIL,Arizona,Tonto National Forest
961,HICKEY SPRINGS,Arizona,Tonto National Forest
962,GRANVILLE SPRING TRAIL,Arizona,Tonto National Forest
963,PIGEON TRAIL,Arizona,Tonto National Forest
964,SILVER TRAIL,Arizona,Tonto National Forest
965,LITTLE BLUE,Arizona,Tonto National Forest
966,YELLOWJACKET TRAIL,Arizona,Tonto National Forest
967,GRANVILLE CONNECTION TRAIL,Arizona,Tonto National Forest
968,237B OHV,Arizona,Tonto National Forest
969,EAGLE NATIONAL RECREATION TR,Arizona,Tonto National Forest
970,POLE KNOLL,Arizona,Tonto National Forest
971,MAVERICK MOTORIZED,Arizona,Tonto National Forest
972,SPRUCE,Arizona,Tonto National Forest
973,OSPREY CONNECTOR,Arizona,Tonto National Forest
974,WIILOW,Arizona,Tonto National Forest
975,FOOTE CREEK C,Arizona,Tonto National Forest
976,CRABTREE PARK TRAIL,California,Stanislaus National Forest
977,SPICER/SAND FLAT,California,Stanislaus National Forest
978,CEDAR,California,Stanislaus National Forest
979,NORTH FORK DRY FORK,California,Stanislaus National Forest
980,ARCH TRAIL,California,Stanislaus National Forest
981,SNOWMOBILE TRAIL D,California,Stanislaus National Forest
982,ROCK CREEK,California,Stanislaus National Forest
983,BOSQUE,California,Stanislaus National Forest
984,QUEANT,California,Stanislaus National Forest
985,DOWD MOUNTAIN X-C SKI,California,Stanislaus National Forest
986,NFST-8225-A,California,Stanislaus National Forest
987,MEADOWS - HUGHES LAKE TRAIL,California,Stanislaus National Forest
988,NFST-1323-D,California,Stanislaus National Forest
989,NFST-6930-E,California,Stanislaus National Forest
990,COOKS RUN HUNTER,California,Stanislaus National Forest
991,JACKSON PARK,California,Stanislaus National Forest
992,GRIZZLY RIDGE,California,Stanislaus National Forest
993,CAMP 7 SNOMO,California,Stanislaus National Forest
994,LAKE CREEK X-C SKI,California,Stanislaus National Forest
995,HICKERSON PK TO SHEEP CK BYPAS,California,Stanislaus National Forest
996,HIGHLINE CUTOFF,California,Stanislaus National Forest
997,CHERRY MTN. CONNECTOR SNOMO,California,Stanislaus National Forest
998,LITTLE RABBIT LONG RIDGE LOOP,California,Stanislaus National Forest
999,CANOE-PRESQUE ISLE RIVER,California,Stanislaus National Forest
1000,NFST-3921,California,Stanislaus National Forest
1001,NFST-1385,California,Stanislaus National Forest
1002,JADE RAM SPUR NW,California,Stanislaus National Forest
1003,NFST-60153,California,Stanislaus National Forest
1004,ELKHORN-WEST FORK,California,Stanislaus National Forest
1005,NFST-4584-L,California,Stanislaus National Forest
1006,NFST-2426,California,Stanislaus National Forest
1007,NFST-1388,California,Stanislaus National Forest
1008,NFST-1708-B,California,Stanislaus National Forest
1009,NFST-6936,California,Stanislaus National Forest
1010,NFST-2465-C,California,Stanislaus National Forest
1011,HOLTON MOTORCYCLE TRAIL,California,Stanislaus National Forest
1012,MACK - BULL GAP TRAIL,California,Stanislaus National Forest
1013,NFST-6987-A4,California,Stanislaus National Forest
1014,ROCKY POINT TRAIL,California,Stanislaus National Forest
1015,NFST-5086-D8,California,Stanislaus National Forest
1016,NFST-1671,California,Stanislaus National Forest
1017,YELLOWSTONE TRAIL,California,Stanislaus National Forest
1018,MCGREGOR SHORELINE,California,Stanislaus National Forest
1019,HIGHBANKS TRAIL POWERLINE SPUR,California,Stanislaus National Forest
1020,NFST-1462,California,Stanislaus National Forest
1021,WEIGEL MOUNTAIN A,California,Stanislaus National Forest
1022,NFST-6930-K1,California,Stanislaus National Forest
1023,SCAUP LAKE HUNTER,California,Stanislaus National Forest
1024,NFST-1501-C,California,Stanislaus National Forest
1025,BIRCH CAMPSITE,California,Stanislaus National Forest
1026,NFST-8907,California,Stanislaus National Forest
1027,KINNEY SPUR,California,Stanislaus National Forest
1028,MOSQUITO RIDGE,California,Stanislaus National Forest
1029,HORSESHOE TO HARRINGTON,California,Stanislaus National Forest
1030,MEADOWS -LUZERNE TRAIL,California,Stanislaus National Forest
1031,NFST-3212-B,California,Stanislaus National Forest
1032,MCCT - BIG O SPUR,California,Stanislaus National Forest
1033,WIGWAM-PAPOOSE LAKES,California,Stanislaus National Forest
1034,EAST FORK SM,California,Stanislaus National Forest
1035,LAKE LOUISE,California,Stanislaus National Forest
1036,NORTH FORK MTN (N.F GAP-RED),California,Stanislaus National Forest
1037,RED CREEK TRAIL,California,Stanislaus National Forest
1038,ALLEGHENY-HOSTERMAN-CASS,California,Stanislaus National Forest
1039,PLATTE SPRINGS,California,Stanislaus National Forest
1040,MILLSET,California,Stanislaus National Forest
1041,NFST-3608-D,California,Stanislaus National Forest
1042,MONARCH RIDGE,California,Stanislaus National Forest
1043,NFST-560-L,California,Stanislaus National Forest
1044,NFST-3502,California,Stanislaus National Forest
1045,CROSSOVER,California,Stanislaus National Forest
1046,TRAIL CREEK SPUR,California,Stanislaus National Forest
1047,HEWLETT GULCH,California,Stanislaus National Forest
1048,LOST LAKE ACCESS,California,Stanislaus National Forest
1049,SOUTH FORK,California,Stanislaus National Forest
1050,PICNIC SPUR,California,Stanislaus National Forest
1051,MAPLE CANYON,California,Stanislaus National Forest
1052,TARGHEE CREEK,California,Stanislaus National Forest
1053,PINE CREEK,California,Stanislaus National Forest
1054,YELLOWSTONE,California,Stanislaus National Forest
1055,TINCUP DRIVEWAY (MARSHALL CYN),California,Stanislaus National Forest
1056,GRIZZLY RIDGE TO SOUTH FRANCIS,California,Stanislaus National Forest
1057,DON HATCH MEMORIAL,California,Stanislaus National Forest
1058,DUCHESNE RIVER,California,Stanislaus National Forest
1059,OLD CARTER MILITARY,California,Stanislaus National Forest
1060,PINE ISLAND LOOP,California,Stanislaus National Forest
1061,WEYMAN CREEK,California,Stanislaus National Forest
1062,NFST-8911-A,California,Stanislaus National Forest
1063,NFST-2113-C,California,Stanislaus National Forest
1064,THREE MILE LAKE NORTH,California,Stanislaus National Forest
1065,NFST-3611-G,California,Stanislaus National Forest
1066,NFST-6934-B,California,Stanislaus National Forest
1067,HARRIS RANCH,California,Stanislaus National Forest
1068,MOOSE RIDGE,California,Stanislaus National Forest
1069,FOURMILE CONNECTOR,California,Stanislaus National Forest
1070,HIGHLINE LOOP SM,California,Stanislaus National Forest
1071,BARRENSHE TRAIL,California,Stanislaus National Forest
1072,HUMBUG (LOOP 5),California,Stanislaus National Forest
1073,PACKER LAKE SNOWMOBILE TR,California,Stanislaus National Forest
1074,JACKS GULCH CG LOOP TRAIL,California,Stanislaus National Forest
1075,MANN GULCH,California,Stanislaus National Forest
1076,COMB CREEK,California,Stanislaus National Forest
1077,NFST-7050-F,California,Stanislaus National Forest
1078,SCARFACE XC,California,Stanislaus National Forest
1079,CORSAIR, 12-A, NORTH SPUR,California,Stanislaus National Forest
1080,NFST-1501-G,California,Stanislaus National Forest
1081,NFST-219-H1,California,Stanislaus National Forest
1082,NFST-530-C2,California,Stanislaus National Forest
1083,BLUE ROAD HUNTER,California,Stanislaus National Forest
1084,NFST-2100-J,California,Stanislaus National Forest
1085,BEULAH,California,Stanislaus National Forest
1086,EAST SLOPE BURNT RIDGE,California,Stanislaus National Forest
1087,MEADOWS-M33 TRAIL,California,Stanislaus National Forest
1088,UP COPPER SPUR C SNOMO,California,Stanislaus National Forest
1089,HAHN CREEK,California,Stanislaus National Forest
1090,TEEPEE-RED LAKE,California,Stanislaus National Forest
1091,LITTLE BRUSH CREEK X-C SKI,California,Stanislaus National Forest
1092,MACK - M33 CONNECTOR,California,Stanislaus National Forest
1093,LAND O'LAKES SKI TRAIL,California,Stanislaus National Forest
1094,HIGH MEADOW TRAIL,California,Stanislaus National Forest
1095,NFST-3660-I,California,Stanislaus National Forest
1096,NFST-5359,California,Stanislaus National Forest
1097,LEADING RIDGE TRAIL,California,Stanislaus National Forest
1098,CODFISH (LOOP 6),California,Stanislaus National Forest
1099,RED MOUNTAIN B SNOMO,California,Stanislaus National Forest
1100,MARYSVILLE LOOP E SNOMO,California,Stanislaus National Forest
1101,NORTH FORK KEEPCOOL SNOMO,California,Stanislaus National Forest
1102,RED MOUNTAIN C SNOMO,California,Stanislaus National Forest
1103,MARYSVILLE LOOP C SNOMO,California,Stanislaus National Forest
1104,MARYSVILLE LOOP D SNOMO,California,Stanislaus National Forest
1105,RIMINI ELLISTON A SNOMO,California,Stanislaus National Forest
1106,CABIN CREEK ADMIN SPUR,California,Stanislaus National Forest
1107,POTTER-LAMB LAKES,California,Stanislaus National Forest
1108,NFST-6975-F,California,Stanislaus National Forest
1109,NFST-2180-D1,California,Stanislaus National Forest
1110,DAVIDSON LAKES,California,Stanislaus National Forest
1111,NFST-4115,California,Stanislaus National Forest
1112,NFST-9326,California,Stanislaus National Forest
1113,LOST LAKE,California,Stanislaus National Forest
1114,NFST-5239,California,Stanislaus National Forest
1115,NFST-733-K,California,Stanislaus National Forest
1116,NFST-6903,California,Stanislaus National Forest
1117,NFST-3965,California,Stanislaus National Forest
1118,NFST-1199-K4,California,Stanislaus National Forest
1119,SCAUP LAKE HUNTER,California,Stanislaus National Forest
1120,CANOE-BRULE RIVER,California,Stanislaus National Forest
1121,NFST-8646-C,California,Stanislaus National Forest
1122,HUMBUG,California,Stanislaus National Forest
1123,VASQUEZ PASS,California,Stanislaus National Forest
1124,REID, OVERFLOW PARKING SPUR,California,Stanislaus National Forest
1125,NFST-210-B1,California,Stanislaus National Forest
1126,NFST-6935-G1,California,Stanislaus National Forest
1127,NFST-3662-E,California,Stanislaus National Forest
1128,MOUNT MARGARET,California,Stanislaus National Forest
1129,CORRAL CREEK,California,Stanislaus National Forest
1130,STONE CAMP RUN,California,Stanislaus National Forest
1131,DONNER LAKE RIM TRAIL,California,Stanislaus National Forest
1132,DOBBIN GRADE TRAIL,California,Stanislaus National Forest
1133,WHISKEY MOUNTAIN CUTOFF,California,Stanislaus National Forest
1134,BRUFFEY RESERVE TRAIL,California,Stanislaus National Forest
1135,BLUE KNOB TRAIL,California,Stanislaus National Forest
1136,CAMP FIVE RUN,California,Stanislaus National Forest
1137,TWOROOSE PASS,California,Stanislaus National Forest
1138,NFST-3574,California,Stanislaus National Forest
1139,NFST-2108-N1,California,Stanislaus National Forest
1140,NFST-1226-D,California,Stanislaus National Forest
1141,NFST-3614-D2,California,Stanislaus National Forest
1142,INTERIOR GROUSE MGMT HUNTER,California,Stanislaus National Forest
1143,WILBUR BENCH,California,Stanislaus National Forest
1144,COW HOLLOW,California,Stanislaus National Forest
1145,MACK - TABOR TRAIL,California,Stanislaus National Forest
1146,MACK - MALTBY HILLS LOOP TRAIL,California,Stanislaus National Forest
1147,CHALLENGER,California,Stanislaus National Forest
1148,BEAVER CREEK,California,Stanislaus National Forest
1149,NORTH PEAK,California,Stanislaus National Forest
1150,MARION LAKE,California,Stanislaus National Forest
1151,SNOSLIDE,California,Stanislaus National Forest
1152,DEVIL'S THUMB PARK,California,Stanislaus National Forest
1153,BAUGHMAN'S SADDLE SINGLE TRACK,California,Stanislaus National Forest
1154,LAU. DIVIDE FITNESS-SPUR B,California,Stanislaus National Forest
1155,CRAMER BASIN,California,Stanislaus National Forest
1156,SIGNAL BUTTE MULTI USE,California,Stanislaus National Forest
1157,SLIM LAKE ENTRY POINT,California,Stanislaus National Forest
1158,SECOND CREEK,California,Stanislaus National Forest
1159,HUCKLEBERRY BASIN,California,Stanislaus National Forest
1160,CAMEL HOLLOW,California,Stanislaus National Forest
1161,JUARISTI 1,California,Stanislaus National Forest
1162,SMITH,California,Stanislaus National Forest
1163,POWER HOUSE EAST SPUR B,California,Stanislaus National Forest
1164,JUARISTI CONNECTOR,California,Stanislaus National Forest
1165,FORT RUBY 5,California,Stanislaus National Forest
1166,FOGG HILL/N. FORK PALISADES,California,Stanislaus National Forest
1167,SANDPIT LAKE-RANGE LAKE,California,Stanislaus National Forest
1168,RIDGE LOOP,California,Stanislaus National Forest
1169,SWEET CREEK,California,Stanislaus National Forest
1170,VIRGINIA HILL SKI AREA,California,Stanislaus National Forest
1171,CARIBOU CITY- MORGAN MEADOWS,California,Stanislaus National Forest
1172,PROSPECT PEAK 121,California,Stanislaus National Forest
1173,LICK BRANCH,California,Stanislaus National Forest
1174,TANBARK HIKING,California,Stanislaus National Forest
1175,BOO-BOOS DELIGHT,California,Stanislaus National Forest
1176,SNOWMOBILE CONNECTOR 33,California,Stanislaus National Forest
1177,BIG TREE NATURE,California,Stanislaus National Forest
1178,HOLMAN VISTA,California,Stanislaus National Forest
1179,MEADOW EDGE,California,Stanislaus National Forest
1180,SCHT - SEGMENT 21,California,Stanislaus National Forest
1181,SCHT - SEGMENT 17,California,Stanislaus National Forest
1182,SCHT - SEGMENT 16,California,Stanislaus National Forest
1183,FISHERMANS TRAIL,California,Stanislaus National Forest
1184,NORTH 2,California,Stanislaus National Forest
1185,PEARL PEAK SPUR,California,Stanislaus National Forest
1186,RIGHT RANCH SPUR C,California,Stanislaus National Forest
1187,ALLEGHENY-CANAAN TO GLADWIN,California,Stanislaus National Forest
1188,ALTR-GLADWIN TO LOWER GLADY,California,Stanislaus National Forest
1189,ALLEGHENY/CANYON RIM TO DAVIS,California,Stanislaus National Forest
1190,ALLEGHENY TRAIL SPUR,California,Stanislaus National Forest
1191,ALLEGHENY-154 TO CANYON RIM,California,Stanislaus National Forest
1192,SCHOOL HOUSE LOOP,California,Stanislaus National Forest
1193,NORTH FORK MEADOW CREEK TIE,California,Stanislaus National Forest
1194,ROBERTS CR CAMPING SPUR,California,Stanislaus National Forest
1195,CIRCLE CREEK CONNECTOR,California,Stanislaus National Forest
1196,BIG PINE LOOP,California,Stanislaus National Forest
1197,STILLHOUSE,California,Stanislaus National Forest
1198,SCHT - PARRISH,California,Stanislaus National Forest
1199,GREEN WOOD LOOP,California,Stanislaus National Forest
1200,BRUIN CREEK A SNOWMOBILE SPUR,California,Stanislaus National Forest
1201,WEBSTER CREEK,California,Stanislaus National Forest
1202,BONNEVILLE TRAIL,California,Stanislaus National Forest
1203,SOUTH FORK EIGHTMILE,California,Stanislaus National Forest
1204,CONTINENTAL DIVIDE NST,California,Stanislaus National Forest
1205,NFST-2108-H6,California,Stanislaus National Forest
1206,SOUTH FORK ASHLEY,California,Stanislaus National Forest
1207,DUNKENBARGER TRAIL,California,Stanislaus National Forest
1208,CROUCH RIDGE,California,Stanislaus National Forest
1209,NFST-2108-M2,California,Stanislaus National Forest
1210,BLUE ROAD HUNTER,California,Stanislaus National Forest
1211,NFST-2410,California,Stanislaus National Forest
1212,NFST-530-C,California,Stanislaus National Forest
1213,NCT BOWMAN LAKE SPUR,California,Stanislaus National Forest
1214,NORTH ELK PARK,California,Stanislaus National Forest
1215,FIVE POINT LAKE,California,Stanislaus National Forest
1216,RED BELLY LAKE,California,Stanislaus National Forest
1217,NFST-6970,California,Stanislaus National Forest
1218,NFST-5235-C,California,Stanislaus National Forest
1219,DRY CANYON,California,Stanislaus National Forest
1220,WEST FORK WHITEROCKS,California,Stanislaus National Forest
1221,NFST-6930-QB,California,Stanislaus National Forest
1222,NFST-3780,California,Stanislaus National Forest
1223,10K,California,Stanislaus National Forest
1224,BEAGLE CREEK,California,Stanislaus National Forest
1225,KAWISHIWI TRIANGLE LONE PINE,California,Stanislaus National Forest
1226,NFST-3616-E,California,Stanislaus National Forest
1227,CORSAIR, 2-9-8 SPUR,California,Stanislaus National Forest
1228,LEONA SPRING-MANILA PARK,California,Stanislaus National Forest
1229,CREST,California,Stanislaus National Forest
1230,EAST FORK WHITEROCKS RIVER,California,Stanislaus National Forest
1231,REID, PARKING LOT SPUR,California,Stanislaus National Forest
1232,NFST-3974,California,Stanislaus National Forest
1233,CORSAIR, G TO SV PARK SPUR,California,Stanislaus National Forest
1234,MT WILLARD TRAIL,California,Stanislaus National Forest
1235,MORRISON CREEK HUNTER,California,Stanislaus National Forest
1236,BALANCE ROCK SNOMO,California,Stanislaus National Forest
1237,DAVID CANYON ROAD,California,Stanislaus National Forest
1238,EASTSIDE XC,California,Stanislaus National Forest
1239,ARROWHEAD TRAIL CONNECTOR,California,Stanislaus National Forest
1240,WARD HILLS-IRONS SMT DNR345,California,Stanislaus National Forest
1241,NFST-730-J6,California,Stanislaus National Forest
1242,NFST-2108-K,California,Stanislaus National Forest
1243,NFST-1235-C1,California,Stanislaus National Forest
1244,COOKS RUN HUNTER,California,Stanislaus National Forest
1245,NFST-6881-G,California,Stanislaus National Forest
1246,CABERFAE WAY SMT DNR37,California,Stanislaus National Forest
1247,DEERYARD LOOP,California,Stanislaus National Forest
1248,ANDY STONE,California,Stanislaus National Forest
1249,PROSSER HILL JEEP,California,Stanislaus National Forest
1250,10E20-C07,California,Stanislaus National Forest
1251,13E10-C10,California,Stanislaus National Forest
1252,16E68-CE,California,Stanislaus National Forest
1253,NORTH BRANCH SNOMO,California,Stanislaus National Forest
1254,PFEIFFER LAKE SPUR E,California,Stanislaus National Forest
1255,ANDESITE WEST OSV,California,Stanislaus National Forest
1256,GLENMORE-SCHLAMN,California,Stanislaus National Forest
1257,CUMMINGS-KORB,California,Stanislaus National Forest
1258,AZION LAKE-BASSWOOD LAKE,California,Stanislaus National Forest
1259,WILLIAMS LAKE HANDICAPPED,California,Stanislaus National Forest
1260,LAKE PARK,California,Stanislaus National Forest
1261,CORSAIR, H-E-14-B SPUR,California,Stanislaus National Forest
1262,BROWNE-SPIRIT LAKE,California,Stanislaus National Forest
1263,FINNING ATV,California,Stanislaus National Forest
1264,13E58-C05,California,Stanislaus National Forest
1265,SAGEHEN OHV TIE 2,California,Stanislaus National Forest
1266,11E10-E10,California,Stanislaus National Forest
1267,12E67-C05,California,Stanislaus National Forest
1268,LOWER SAGEHEN OHV LOOP,California,Stanislaus National Forest
1269,CASCADE HEAD,California,Stanislaus National Forest
1270,ALDER DUNE TRAIL,California,Stanislaus National Forest
1271,SAGEHEN PROSSER OHV TIE,California,Stanislaus National Forest
1272,11E21-C05,California,Stanislaus National Forest
1273,14E42-C05,California,Stanislaus National Forest
1274,10E18-C20,California,Stanislaus National Forest
1275,LAGOON TRAIL,California,Stanislaus National Forest
1276,TAHKENITCH CREEK,California,Stanislaus National Forest
1277,BERRY CREEK LOOP,California,Stanislaus National Forest
1278,UPPER CLEAWOX OHV TRAIL,California,Stanislaus National Forest
1279,BRANDY CITY OHV,California,Stanislaus National Forest
1280,LAST CHANCE TIE,California,Stanislaus National Forest
1281,NFST-5171,California,Stanislaus National Forest
1282,SAWYER RIVER SNOMO,California,Stanislaus National Forest
1283,FISH CREEK,California,Stanislaus National Forest
1284,NFST-3785-A,California,Stanislaus National Forest
1285,BLUE ROAD HUNTER,California,Stanislaus National Forest
1286,NFST-1236,California,Stanislaus National Forest
1287,NFST-502-C,California,Stanislaus National Forest
1288,NFST-2020-D,California,Stanislaus National Forest
1289,NFST-5109-B,California,Stanislaus National Forest
1290,ROSEBROOK SNOMO,California,Stanislaus National Forest
1291,MEADOWS - M72-PARMALEE TRAIL,California,Stanislaus National Forest
1292,11E71-C05,California,Stanislaus National Forest
1293,MONARCH OHV TRAIL,California,Stanislaus National Forest
1294,11E06-E20,California,Stanislaus National Forest
1295,SAGEHEN OHV LOOP 1,California,Stanislaus National Forest
1296,GWYNN CREEK,California,Stanislaus National Forest
1297,SAINT PERPETUA,California,Stanislaus National Forest
1298,CUMMINS CREEK,California,Stanislaus National Forest
1299,WHISPERING SPRUCE,California,Stanislaus National Forest
1300,HECETA LIGHTHOUSE,California,Stanislaus National Forest
1301,PAWN,California,Stanislaus National Forest
1302,WRIGHT,California,Stanislaus National Forest
1303,BERTHOUD PASS WEST,California,Stanislaus National Forest
1304,COLUMBO OHV TRL.,California,Stanislaus National Forest
1305,DOG VALLEY WEST OHV,California,Stanislaus National Forest
1306,WATER 4 SPUR F,California,Stanislaus National Forest
1307,WATER 4 CONNECTOR E,California,Stanislaus National Forest
1308,TUB,California,Stanislaus National Forest
1309,JUARISTI 3,California,Stanislaus National Forest
1310,YOKUM RIDGE SPUR,California,Stanislaus National Forest
1311,NICKERSON GROVE,California,Stanislaus National Forest
1312,GROOMER ACCESS,California,Stanislaus National Forest
1313,BLUE BEND LOOP TRAIL #614,California,Stanislaus National Forest
1314,SCHT - KELLY PINES,California,Stanislaus National Forest
1315,SCHT - SEGMENT 1,California,Stanislaus National Forest
1316,SOUTH BOUNDARY TRAIL # 615,California,Stanislaus National Forest
1317,COUNTY LINE TRAIL,California,Stanislaus National Forest
1318,WOOD CANYON RIDGE-BLACK GROVE,California,Stanislaus National Forest
1319,NORTH CRYSTAL CREEK,California,Stanislaus National Forest
1320,JOHN DELLENBACK DUNE,California,Stanislaus National Forest
1321,CARTER DUNES TRAIL,California,Stanislaus National Forest
1322,OCEAN BEACH,California,Stanislaus National Forest
1323,HART'S COVE,California,Stanislaus National Forest
1324,DISCOVERY LOOP,California,Stanislaus National Forest
1325,CAPE COVE,California,Stanislaus National Forest
1326,HEBO LAKE LOOP,California,Stanislaus National Forest
1327,PIONEER HILL,California,Stanislaus National Forest
1328,LONG LAKE TRAIL,California,Stanislaus National Forest
1329,SALAMANDER RIDGE TRAIL,California,Stanislaus National Forest
1330,FRANK JAMES,California,Stanislaus National Forest
1331,CHROME TRAIL,California,Stanislaus National Forest
1332,BRIMSTONE-ATV TIE,California,Stanislaus National Forest
1333,LOWER FORD POINT,California,Stanislaus National Forest
1334,WHITE PINE-HEART ATTACK,California,Stanislaus National Forest
1335,MILL CREEK TRAIL,California,Stanislaus National Forest
1336,WILLOW CREEK,California,Stanislaus National Forest
1337,HORSE CREEK SOUTH,California,Stanislaus National Forest
1338,DRIFT CREEK FALLS,California,Stanislaus National Forest
1339,GIANT SPRUCE,California,Stanislaus National Forest
1340,OREGON COAST,California,Stanislaus National Forest
1341,COMB CR ALTERNATE,California,Stanislaus National Forest
1342,JEFFERSON CREEK,California,Stanislaus National Forest
1343,INSTITUTE CREEK TRAIL,California,Stanislaus National Forest
1344,CDT SEGMENT A,California,Stanislaus National Forest
1345,THAYER TO SALT LAKE,California,Stanislaus National Forest
1346,SALT LAKE TO MITCHELL BAY,California,Stanislaus National Forest
1347,PACK CREEK,California,Stanislaus National Forest
1348,DAVIDSON TO SALT LAKE,California,Stanislaus National Forest
1349,RAINBOW FALLS TRAIL,California,Stanislaus National Forest
1350,WHITE PINE-THE LOOP,California,Stanislaus National Forest
1351,TWIN RIDGE SKI TRAIL,California,Stanislaus National Forest
1352,CD SOUTH SNOWMOBILE TRAIL,California,Stanislaus National Forest
1353,VIAL DIVIDE,California,Stanislaus National Forest
1354,CAPTAIN COOK,California,Stanislaus National Forest
1355,PIONEER INDIAN,California,Stanislaus National Forest
1356,NIAGRA FALLS,California,Stanislaus National Forest
1357,KUNK LAKE TRAIL,California,Stanislaus National Forest
1358,COOKS RIDGE,California,Stanislaus National Forest
1359,RESTLESS WATERS,California,Stanislaus National Forest
1360,KENTUCKY FALLS,California,Stanislaus National Forest
1361,TIE TRAIL,California,Stanislaus National Forest
1362,BLUEBILL,California,Stanislaus National Forest
1363,RIGHT RANCH SPUR B,California,Stanislaus National Forest
1364,RIGHT RANCH SPUR A,California,Stanislaus National Forest
1365,MIDNIGHT LAKE TIE,California,Stanislaus National Forest
1366,WHITE PINE-HALF MOON TIE-IN,California,Stanislaus National Forest
1367,BURKES KNOB HILL,California,Stanislaus National Forest
1368,13E58-C10,California,Stanislaus National Forest
1369,16E79-C10,California,Stanislaus National Forest
1370,14E33-C05,California,Stanislaus National Forest
1371,SHORT CONNECTOR,California,Stanislaus National Forest
1372,LILLY LAKE,California,Stanislaus National Forest
1373,BERRY CR. (CAPE MTN. TRAIL),California,Stanislaus National Forest
1374,PRINCES TASHA (CAPE MTN.TRAIL),California,Stanislaus National Forest
1375,CHIEF TSILTCOOS,California,Stanislaus National Forest
1376,LOOKOUT LOOP (CAPE MTN. TRAIL),California,Stanislaus National Forest
1377,HORSESHOE LN (CAPE MTN. TRAIL),California,Stanislaus National Forest
1378,CAPE MTN. (CAPE MTN. TRAIL),California,Stanislaus National Forest
1379,BERRY LANE (CAPE MTN TRAIL),California,Stanislaus National Forest
1380,WAXMYRTLE TRAIL ALTERNATE RTE,California,Stanislaus National Forest
1381,BAKER BEACH LOOP TRAIL,California,Stanislaus National Forest
1382,JESSE JAMES,California,Stanislaus National Forest
1383,WILDCAT RIVER TRAIL,California,Stanislaus National Forest
1384,CONTINENTAL DIVIDE NST,California,Stanislaus National Forest
1385,RIGHT FORK INDIAN CANYON,California,Stanislaus National Forest
1386,LOST POND,California,Stanislaus National Forest
1387,NORTH ELK CREEK,California,Stanislaus National Forest
1388,TUCKERMAN CROSSOVER,California,Stanislaus National Forest
1389,HILL CLIMB,California,Stanislaus National Forest
1390,SAND TRAP,California,Stanislaus National Forest
1391,DEER PEAK,California,Stanislaus National Forest
1392,SCHT - SEGMENT 7,California,Stanislaus National Forest
1393,MINISTER FISHING,California,Stanislaus National Forest
1394,TREADWELL DITCH SNO-TRAIL,California,Stanislaus National Forest
1395,NORTH WRANGELL TRAIL,California,Stanislaus National Forest
1396,BEAR VLY OHV - W SP,California,Stanislaus National Forest
1397,12E66-C30,California,Stanislaus National Forest
1398,17E15-C15,California,Stanislaus National Forest
1399,MILLER MEADOW OHV SPUR,California,Stanislaus National Forest
1400,TIMBERLINE ATV E LOOP,California,Stanislaus National Forest
1401,EAST FORK SAWMILL,California,Stanislaus National Forest
1402,ASHLEY DRIVEWAY,California,Stanislaus National Forest
1403,GRAYS/TORREYS CONNECTOR,California,Stanislaus National Forest
1404,GIEFER CREEK,California,Stanislaus National Forest
1405,BLUEBERRY RIDGE TRAIL,California,Stanislaus National Forest
1406,GALLOWAY SPRING,California,Stanislaus National Forest
1407,HUNGERFORD HORSE MAPSEG 4,California,Stanislaus National Forest
1408,HINCKS,California,Stanislaus National Forest
1409,FRONTIER CREEK,California,Stanislaus National Forest
1410,PROSSER HILL MOTORCYCLE,California,Stanislaus National Forest
1411,PAUGUS MILL SNOMO,California,Stanislaus National Forest
1412,RIGHT FORK LAKE CANYON,California,Stanislaus National Forest
1413,SIX LAKES,California,Stanislaus National Forest
1414,SARKAR CANOE ROUTE,California,Stanislaus National Forest
1415,JOHN DELLENBACK DUNES,California,Stanislaus National Forest
1416,LAGOON TRAIL,California,Stanislaus National Forest
1417,SOUTH JETTY OHV TRAIL A,California,Stanislaus National Forest
1418,BLUE HORIZON (CAPE MTN. TRAIL),California,Stanislaus National Forest
1419,GRAVELLY CREEK SPUR B,California,Stanislaus National Forest
1420,WAPATI (CAPE MTN. TRAIL),California,Stanislaus National Forest
1421,SCURVY RIDGE (CAPE MTN. TRAIL),California,Stanislaus National Forest
1422,AMANDAS LOOP TRAIL,California,Stanislaus National Forest
1423,BULL RUN OHV TRAIL A,California,Stanislaus National Forest
1424,SOUTH JETTY OHV TRAIL C,California,Stanislaus National Forest
1425,13E23,California,Stanislaus National Forest
1426,TIMBERLINE ATV C LOOP,California,Stanislaus National Forest
1427,EDMANDS COL CUT-OFF,California,Stanislaus National Forest
1428,BISHOP KNOB LOOP TRAIL,California,Stanislaus National Forest
1429,SCAR "LOOP" SPUR A,California,Stanislaus National Forest
1430,BLACK POND,California,Stanislaus National Forest
1431,BEAVER FALLS SPUR B,California,Stanislaus National Forest
1432,DEER CREEK MC,California,Stanislaus National Forest
1433,MAYBESO ROAD,California,Stanislaus National Forest
1434,LAKE CREEK TRAIL CUTOFF,California,Stanislaus National Forest
1435,PROSSER CREEK OHV LOOP,California,Stanislaus National Forest
1436,BRIMSTONE,California,Stanislaus National Forest
1437,BEAVER TO HASSELBORG,California,Stanislaus National Forest
1438,MOLE HARBOR TO ALEXANDER,California,Stanislaus National Forest
1439,HASSELBORG RIVER,California,Stanislaus National Forest
1440,DISTIN TO THAYER,California,Stanislaus National Forest
1441,ADMIRALTY COVE TO N. YOUNG LK,California,Stanislaus National Forest
1442,SCHT - DYNAMITE,California,Stanislaus National Forest
1443,HUNGERFORD HORSE MAPSEG 5,California,Stanislaus National Forest
1444,NOTCHWAY TRAIL XC SPUR,California,Stanislaus National Forest
1445,SPHINX,California,Stanislaus National Forest
1446,SCHT - SEGMENT 13,California,Stanislaus National Forest
1447,MI SHORE TO SHORE HORSE&HIKE,California,Stanislaus National Forest
1448,WHITE PINE-POWER LINE,California,Stanislaus National Forest
1449,WHITE PINE-HUMMER,California,Stanislaus National Forest
1450,12E67-C10,California,Stanislaus National Forest
1451,13E20,California,Stanislaus National Forest
1452,12E44-C10,California,Stanislaus National Forest
1453,17E11,California,Stanislaus National Forest
1454,PROSSER CREEK EAST OHV,California,Stanislaus National Forest
1455,OMEGA OVERLOOK MC TRAIL,California,Stanislaus National Forest
1456,HOBART 1 OHV,California,Stanislaus National Forest
1457,14E33-C10,California,Stanislaus National Forest
1458,BURNETT INLET PORTAGE TRAIL,California,Stanislaus National Forest
1459,SHERIDAN CREEK,California,Stanislaus National Forest
1460,BLACK VISTA OHV TRAIL,California,Stanislaus National Forest
1461,14E06-C05,California,Stanislaus National Forest
1462,BORROW PIT 2 OHV,California,Stanislaus National Forest
1463,STRAWBERRY LAKE,California,Stanislaus National Forest
1464,13E10-C42,California,Stanislaus National Forest
1465,14E03,California,Stanislaus National Forest
1466,13E10-C36,California,Stanislaus National Forest
1467,BILLY HILLS OHV,California,Stanislaus National Forest
1468,11E03-C27,California,Stanislaus National Forest
1469,SAGEHEN OHV TIE 1,California,Stanislaus National Forest
1470,DONNER CAMP,California,Stanislaus National Forest
1471,11E55-E20,California,Stanislaus National Forest
1472,DUNOIR TRAIL,California,Stanislaus National Forest
1473,PTARMIGAN LAKE TR,California,Stanislaus National Forest
1474,11E67-C25,California,Stanislaus National Forest
1475,12E33-C05,California,Stanislaus National Forest
1476,COAST GUARD NORTH OHV TRAIL,California,Stanislaus National Forest
1477,INCINERATOR OHV TRAIL A,California,Stanislaus National Forest
1478,SINK RIDGE,California,Stanislaus National Forest
1479,WONALANCET RANGE TRAIL CUTOFF,California,Stanislaus National Forest
1480,SOUTH JETTY OHV TRAIL E,California,Stanislaus National Forest
1481,13E10-C34,California,Stanislaus National Forest
1482,DRY FORK NATURE,California,Stanislaus National Forest
1483,READER BASIN,California,Stanislaus National Forest
1484,ANDERSON CREEK ATV,California,Stanislaus National Forest
1485,DON HATCH MEMORIAL SNOWMOBILE,California,Stanislaus National Forest
1486,FRONTIER OHV TRAIL,California,Stanislaus National Forest
1487,RED BUGGY OHV TRAIL,California,Stanislaus National Forest
1488,WOAHINK OHV TRAIL,California,Stanislaus National Forest
1489,CHAPMANS OHV TRAIL,California,Stanislaus National Forest
1490,SAUNDERS LAKE OHV TRAIL,California,Stanislaus National Forest
1491,LOWER CLEAWOX OHV TRAIL,California,Stanislaus National Forest
1492,BATEY BOULD LOOP,California,Stanislaus National Forest
1493,GOLD LAKE RAMP,California,Stanislaus National Forest
1494,ELLIS,California,Stanislaus National Forest
1495,TWENTY-FIVE MILE CREEK,California,Stanislaus National Forest
1496,HOURGLASS,California,Stanislaus National Forest
1497,MEADOWS NORTH,California,Stanislaus National Forest
1498,SANDY ARROYO,California,Stanislaus National Forest
1499,OWLS CLIFF SNOMO,California,Stanislaus National Forest
1500,LAKE MOUNTAIN,California,Stanislaus National Forest
1501,ELK PARK X-C SKI,California,Stanislaus National Forest
1502,LEDGE,California,Stanislaus National Forest
1503,N. FORK DEADMAN,California,Stanislaus National Forest
1504,SNOWMOBILE TRAIL M,California,Stanislaus National Forest
1505,SNOWMOBILE SMALL D,California,Stanislaus National Forest
1506,CORRAL CREEK,California,Stanislaus National Forest
1507,OSCODA TO OASIS,California,Stanislaus National Forest
1508,12E67-C18,California,Stanislaus National Forest
1509,CUMMINS CREEK LOOP TRAIL,California,Stanislaus National Forest
1510,AMANDA'S,California,Stanislaus National Forest
1511,KILKENNY RIDGE,California,Stanislaus National Forest
1512,WILDMARE HORSE TRAIL,California,Stanislaus National Forest
1513,CHOKE CHERRY TURNOUT,California,Stanislaus National Forest
1514,THORSEN POND,California,Stanislaus National Forest
1515,UPPER FLAGSTAFF,California,Stanislaus National Forest
1516,DAISY ATV,California,Stanislaus National Forest
1517,BILLY THE KID,California,Stanislaus National Forest
1518,MATT DILLON,California,Stanislaus National Forest
1519,GRASSY MOUNTAIN,California,Stanislaus National Forest
1520,CANONCITO,California,Stanislaus National Forest
1521,LUCKY DOLLAR,California,Stanislaus National Forest
1522,DIRETTISSIMA,California,Stanislaus National Forest
1523,ORE HILL,California,Stanislaus National Forest
1524,CAMEL,California,Stanislaus National Forest
1525,TAMARACK M/C,California,Stanislaus National Forest
1526,FLAGSTAFF JEEP,California,Stanislaus National Forest
1527,PINECREST OHV -4X4,California,Stanislaus National Forest
1528,PACIFIC VALLEY OHV-4X4,California,Stanislaus National Forest
1529,TWAIN HARTE OHV-M/C,California,Stanislaus National Forest
1530,14E01,California,Stanislaus National Forest
1531,11E10-C20,California,Stanislaus National Forest
1532,SCOTTS LAKE TRAIL,California,Stanislaus National Forest
1533,MT CLAY LOOP,California,Stanislaus National Forest
1534,WEST SHORE SMT DNR191,California,Stanislaus National Forest
1535,MCKENZIE 2156000 ROAD,California,Stanislaus National Forest
1536,TWIN LAKES ROAD,California,Stanislaus National Forest
1537,NFST-6973-B,California,Stanislaus National Forest
1538,JOHN WAYNE,California,Stanislaus National Forest
1539,WHITE PINE-SWEENY CK CUTOVER,California,Stanislaus National Forest
1540,CORTA,California,Stanislaus National Forest
1541,NORTH VERDI OHV SPUR,California,Stanislaus National Forest
1542,13E10-C38,California,Stanislaus National Forest
1547,GORDON POND,California,Stanislaus National Forest
1548,TWAINHARTE/CRNDLL PK OHV-M/C,California,Stanislaus National Forest
1550,MUD LAKE,California,Stanislaus National Forest
1551,CHERRY LK NO OHV-ATV,California,Stanislaus National Forest
1552,DUNCE CREEK OHV,California,Stanislaus National Forest
1553,CHERRY LAKE NO OHV-ATV,California,Stanislaus National Forest
1554,BUCKHORN PK OHV-ATV,California,Stanislaus National Forest
1555,SEVEN PINES,California,Stanislaus National Forest
1556,LIONS CREEK,California,Stanislaus National Forest
1557,MUD LAKE,California,Stanislaus National Forest
1558,OSBORN CREST,California,Stanislaus National Forest
1559,WOLFEBORO TO SLICK ROCK,California,Stanislaus National Forest
1560,FIVE LAKES,California,Stanislaus National Forest
1561,COAST GUARD - SOUTH OHV TRAIL,California,Stanislaus National Forest
1562,430 WEST OHV TRAIL,California,Stanislaus National Forest
1563,BARK OHV TRAIL,California,Stanislaus National Forest
1564,BREACH OHV TRAIL,California,Stanislaus National Forest
1565,DRIFTWOOD II OHV TRAIL,California,Stanislaus National Forest
1566,430 OHV TRAIL,California,Stanislaus National Forest
1567,HAUSER OHV TRAIL,California,Stanislaus National Forest
1568,CLAM BED,California,Stanislaus National Forest
1569,ATWELL HILL,California,Stanislaus National Forest
1570,WHITE PINE-KELLY PARK LOOP,California,Stanislaus National Forest
1571,542 ROAD,California,Stanislaus National Forest
1572,BURIED CABLE,California,Stanislaus National Forest
1573,GLEN ELLIS,California,Stanislaus National Forest
1574,DIVIDE LAKE,California,Stanislaus National Forest
1575,SNAKE LAKE DISPERSED CAMP,California,Stanislaus National Forest
1576,10 MILE OHV TRAIL,California,Stanislaus National Forest
1577,YANKEE JIM,California,Stanislaus National Forest
1578,SKYLINE 1,California,Stanislaus National Forest
1584,P13,California,Stanislaus National Forest
1587,ARNOLD RIM TRAIL,California,Stanislaus National Forest
1588,BUCKHORN PK OHV-ATV,California,Stanislaus National Forest
1589,JAWBONE RIDGE OHV-ATV,California,Stanislaus National Forest
1590,TIMBER MESA,California,Stanislaus National Forest
1591,SYCAMORE,California,Stanislaus National Forest
1592,SHORT CUT,California,Stanislaus National Forest
1593,SEVEN MILE GULCH,California,Stanislaus National Forest
1594,SOUTH ALBANY PEAK,California,Stanislaus National Forest
1595,LITTLE TIZER CREEK TIE,California,Stanislaus National Forest
1596,JEFFERSON ROAD SNOMO,California,Stanislaus National Forest
1597,SAUERKRAUT BUFFALO LOOP SNOMO,California,Stanislaus National Forest
1598,SOUTH JETTY OHV TRAIL,California,Stanislaus National Forest
1599,SOUTH GRASSY MT,California,Stanislaus National Forest
1600,SNOWMOBILE TRAIL K,California,Stanislaus National Forest
1601,LANDERS FORK TRAIL,California,Stanislaus National Forest
1602,SNOWMOBILE TRAIL T,California,Stanislaus National Forest
1603,EAGLE CREEK,California,Stanislaus National Forest
1604,LAKE VALLEY,California,Stanislaus National Forest
1605,WOODS GULCH/JENKINS CANYON,California,Stanislaus National Forest
1606,GROUNDHOG MEADOW,California,Stanislaus National Forest
1607,BEE GULCH,California,Stanislaus National Forest
1608,CHERRY LAKE NO OHV-ATV,California,Stanislaus National Forest
1610,BUCKHORN PK OHV-M/C,California,Stanislaus National Forest
1612,S14,California,Stanislaus National Forest
1616,SUMMIT LOOP,California,Stanislaus National Forest
1617,BAKER BEACH,California,Stanislaus National Forest
1618,UPPER HOPE GULCH,California,Stanislaus National Forest